{
  "coefficients": [
    0.05655724174080954,
    0.09706942123921478,
    3.4298219646873633,
    0.2633550003526092
  ],
  "intercept": 0.14462927945635104,
  "scaler_mean": [
    41.86666666666667,
    52409.92380952381,
    7.438095238095238,
    2528.7619047619046
  ],
  "scaler_scale": [
    14.842709717097877,
    20343.833244029054,
    4.273782331787749,
    1258.546436881392
  ],
  "feature_names": [
    "edad",
    "ingreso",
    "horas_estudio",
    "gasto_ocio"
  ],
  "classes": [
    0,
    1
  ],
  "target_col": "aprobado"
}