{
  "accuracy": 0.8889,
  "precision": 0.8462,
  "recall": 0.9565,
  "f1_score": 0.898,
  "confusion_matrix": [
    [
      18,
      4
    ],
    [
      1,
      22
    ]
  ],
  "class_report": {
    "0": {
      "precision": 0.9473684210526315,
      "recall": 0.8181818181818182,
      "f1-score": 0.8780487804878049,
      "support": 22.0
    },
    "1": {
      "precision": 0.8461538461538461,
      "recall": 0.9565217391304348,
      "f1-score": 0.8979591836734694,
      "support": 23.0
    },
    "accuracy": 0.8888888888888888,
    "macro avg": {
      "precision": 0.8967611336032388,
      "recall": 0.8873517786561265,
      "f1-score": 0.8880039820806371,
      "support": 45.0
    },
    "weighted avg": {
      "precision": 0.8956365272154746,
      "recall": 0.8888888888888888,
      "f1-score": 0.8882252087827002,
      "support": 45.0
    }
  },
  "feature_names": [
    "edad",
    "ingreso",
    "horas_estudio",
    "gasto_ocio"
  ],
  "n_features": 4,
  "n_samples": 150,
  "target_column": "aprobado",
  "classes": [
    0,
    1
  ]
}